Timestamp,Human readable date (America/Bogota),weather_station_865291040488446_solar_radiation,context_weather_station_865291040488446_solar_radiation
1651614009000,2022-05-03 16:40:09,537.0,{}
1651613409000,2022-05-03 16:30:09,558.0,{}
1651612809000,2022-05-03 16:20:09,396.0,{}
1651612209000,2022-05-03 16:10:09,681.0,{}
1651611609000,2022-05-03 16:00:09,724.0,{}
1651611009000,2022-05-03 15:50:09,768.0,{}
1651610409000,2022-05-03 15:40:09,829.0,{}
1651609809000,2022-05-03 15:30:09,905.0,{}
1651596008000,2022-05-03 11:40:08,1168.0,{}
1651595408000,2022-05-03 11:30:08,1173.0,{}
1651595261000,2022-05-03 11:27:41,0.0,{}
1651595223000,2022-05-03 11:27:03,91.0,{}
1651595153000,2022-05-03 11:25:53,92.0,{}
1651595019641,2022-05-03 11:23:39,90.0,{}
1651594808000,2022-05-03 11:20:08,1168.0,{}
1651594208000,2022-05-03 11:10:08,1165.0,{}
1651593608000,2022-05-03 11:00:08,1165.0,{}
1651593008000,2022-05-03 10:50:08,1164.0,{}
1651592492000,2022-05-03 10:41:32,1151.0,{}
1651591829234,2022-05-03 10:30:29,90.0,{}
1651591786151,2022-05-03 10:29:46,86.0,{}
1651542568000,2022-05-02 20:49:28,0.0,{}
1651541898000,2022-05-02 20:38:18,0.0,{}
1651541228000,2022-05-02 20:27:08,0.0,{}
1651540558000,2022-05-02 20:15:58,0.0,{}
1651539888000,2022-05-02 20:04:48,0.0,{}
1651539218000,2022-05-02 19:53:38,0.0,{}
1651538548000,2022-05-02 19:42:28,0.0,{}
1651536538000,2022-05-02 19:08:58,0.0,{}
1651535868000,2022-05-02 18:57:48,0.0,{}
1651535199000,2022-05-02 18:46:39,0.0,{}
1651534530000,2022-05-02 18:35:30,0.0,{}
1651533861000,2022-05-02 18:24:21,0.0,{}
1651533192000,2022-05-02 18:13:12,0.0,{}
1651532523000,2022-05-02 18:02:03,0.0,{}
1651531853000,2022-05-02 17:50:53,0.0,{}
1651531184000,2022-05-02 17:39:44,8.0,{}
1651530515000,2022-05-02 17:28:35,40.0,{}
1651529846000,2022-05-02 17:17:26,72.0,{}
1651529177000,2022-05-02 17:06:17,91.0,{}
1651528508000,2022-05-02 16:55:08,107.0,{}
1651527839408,2022-05-02 16:43:59,122.0,{}
1651527008000,2022-05-02 16:30:08,175.0,{}
1651526408000,2022-05-02 16:20:08,219.0,{}
1651525808000,2022-05-02 16:10:08,235.0,{}
1651525208000,2022-05-02 16:00:08,249.0,{}
1651524608000,2022-05-02 15:50:08,297.0,{}
1651524008000,2022-05-02 15:40:08,348.0,{}
1651523408000,2022-05-02 15:30:08,388.0,{}
1651522808000,2022-05-02 15:20:08,404.0,{}
1651522208000,2022-05-02 15:10:08,514.0,{}
1651521608000,2022-05-02 15:00:08,568.0,{}
1651521008000,2022-05-02 14:50:08,494.0,{}
1651520408000,2022-05-02 14:40:08,444.0,{}
1651519808000,2022-05-02 14:30:08,547.0,{}
1651519208000,2022-05-02 14:20:08,909.0,{}
1651518608000,2022-05-02 14:10:08,519.0,{}
1651518008000,2022-05-02 14:00:08,1149.0,{}
1651517408000,2022-05-02 13:50:08,1149.0,{}
1651516808000,2022-05-02 13:40:08,1184.0,{}
1651516208000,2022-05-02 13:30:08,1144.0,{}
1651515608000,2022-05-02 13:20:08,1196.0,{}
1651515008000,2022-05-02 13:10:08,1159.0,{}
1651514408000,2022-05-02 13:00:08,1182.0,{}
1651513808000,2022-05-02 12:50:08,1186.0,{}
1651513208000,2022-05-02 12:40:08,948.0,{}
1651512608000,2022-05-02 12:30:08,1184.0,{}
1651512008000,2022-05-02 12:20:08,1216.0,{}
1651511408000,2022-05-02 12:10:08,605.0,{}
1651510808000,2022-05-02 12:00:08,1214.0,{}
1651510208000,2022-05-02 11:50:08,1186.0,{}
1651509608000,2022-05-02 11:40:08,544.0,{}
1651509008000,2022-05-02 11:30:08,1167.0,{}
1651508408000,2022-05-02 11:20:08,1171.0,{}
1651507808000,2022-05-02 11:10:08,1166.0,{}
1651507208000,2022-05-02 11:00:08,1075.0,{}
1651506608000,2022-05-02 10:50:08,875.0,{}
1651506008000,2022-05-02 10:40:08,1159.0,{}
1651505408000,2022-05-02 10:30:08,1119.0,{}
1651504808000,2022-05-02 10:20:08,1112.0,{}
1651504208000,2022-05-02 10:10:08,1142.0,{}
1651503608000,2022-05-02 10:00:08,1195.0,{}
1651503008000,2022-05-02 09:50:08,985.0,{}
1651502408000,2022-05-02 09:40:08,915.0,{}
1651501808000,2022-05-02 09:30:08,736.0,{}
1651501208000,2022-05-02 09:20:08,726.0,{}
1651500608000,2022-05-02 09:10:08,788.0,{}
1651500008000,2022-05-02 09:00:08,661.0,{}
1651499408000,2022-05-02 08:50:08,582.0,{}
1651498808000,2022-05-02 08:40:08,519.0,{}
1651498208000,2022-05-02 08:30:08,661.0,{}
1651497608000,2022-05-02 08:20:08,1019.0,{}
1651497008000,2022-05-02 08:10:08,396.0,{}
1651496408000,2022-05-02 08:00:08,558.0,{}
1651495808000,2022-05-02 07:50:08,356.0,{}
1651495208000,2022-05-02 07:40:08,349.0,{}
1651494608000,2022-05-02 07:30:08,295.0,{}
1651494008000,2022-05-02 07:20:08,415.0,{}
1651493408000,2022-05-02 07:10:08,417.0,{}
1651492808000,2022-05-02 07:00:08,311.0,{}
1651492208000,2022-05-02 06:50:08,270.0,{}
1651491608000,2022-05-02 06:40:08,188.0,{}
1651491008000,2022-05-02 06:30:08,129.0,{}
1651490408000,2022-05-02 06:20:08,93.0,{}
1651489808000,2022-05-02 06:10:08,61.0,{}
1651489208000,2022-05-02 06:00:08,37.0,{}
1651488608000,2022-05-02 05:50:08,13.0,{}
1651488008000,2022-05-02 05:40:08,0.0,{}
1651487408000,2022-05-02 05:30:08,0.0,{}
1651486808000,2022-05-02 05:20:08,0.0,{}
1651486208000,2022-05-02 05:10:08,0.0,{}
1651485608000,2022-05-02 05:00:08,0.0,{}
1651485008000,2022-05-02 04:50:08,0.0,{}
1651484408000,2022-05-02 04:40:08,0.0,{}
1651483808000,2022-05-02 04:30:08,0.0,{}
1651483208000,2022-05-02 04:20:08,0.0,{}
1651482608000,2022-05-02 04:10:08,0.0,{}
1651482008000,2022-05-02 04:00:08,0.0,{}
1651481408000,2022-05-02 03:50:08,0.0,{}
1651480808000,2022-05-02 03:40:08,0.0,{}
1651480208000,2022-05-02 03:30:08,0.0,{}
1651479608000,2022-05-02 03:20:08,0.0,{}
1651479008000,2022-05-02 03:10:08,0.0,{}
1651478408000,2022-05-02 03:00:08,0.0,{}
1651477808000,2022-05-02 02:50:08,0.0,{}
1651477208000,2022-05-02 02:40:08,0.0,{}
1651476608000,2022-05-02 02:30:08,0.0,{}
1651476008000,2022-05-02 02:20:08,0.0,{}
1651475408000,2022-05-02 02:10:08,0.0,{}
1651474808000,2022-05-02 02:00:08,0.0,{}
1651474208000,2022-05-02 01:50:08,0.0,{}
1651473608000,2022-05-02 01:40:08,0.0,{}
1651473008000,2022-05-02 01:30:08,0.0,{}
1651472408000,2022-05-02 01:20:08,0.0,{}
1651471808000,2022-05-02 01:10:08,0.0,{}
1651471208000,2022-05-02 01:00:08,0.0,{}
1651470608000,2022-05-02 00:50:08,0.0,{}
1651470008000,2022-05-02 00:40:08,0.0,{}
1651469408000,2022-05-02 00:30:08,0.0,{}
1651468808000,2022-05-02 00:20:08,0.0,{}
1651468208000,2022-05-02 00:10:08,0.0,{}
1651467608000,2022-05-02 00:00:08,0.0,{}
1651467008000,2022-05-01 23:50:08,0.0,{}
1651466408000,2022-05-01 23:40:08,0.0,{}
1651465808000,2022-05-01 23:30:08,0.0,{}
1651465208000,2022-05-01 23:20:08,0.0,{}
1651464608000,2022-05-01 23:10:08,0.0,{}
1651464008000,2022-05-01 23:00:08,0.0,{}
1651463408000,2022-05-01 22:50:08,0.0,{}
1651462808000,2022-05-01 22:40:08,0.0,{}
1651462208000,2022-05-01 22:30:08,0.0,{}
1651461608000,2022-05-01 22:20:08,0.0,{}
1651461008000,2022-05-01 22:10:08,0.0,{}
1651460408000,2022-05-01 22:00:08,0.0,{}
1651459808000,2022-05-01 21:50:08,0.0,{}
1651459208000,2022-05-01 21:40:08,0.0,{}
1651458608000,2022-05-01 21:30:08,0.0,{}
1651458008000,2022-05-01 21:20:08,0.0,{}
1651457408000,2022-05-01 21:10:08,0.0,{}
1651456808000,2022-05-01 21:00:08,0.0,{}
1651456208000,2022-05-01 20:50:08,0.0,{}
1651455608000,2022-05-01 20:40:08,0.0,{}
1651455008000,2022-05-01 20:30:08,0.0,{}
1651454408000,2022-05-01 20:20:08,0.0,{}
1651453808000,2022-05-01 20:10:08,0.0,{}
1651453208000,2022-05-01 20:00:08,0.0,{}
1651452608000,2022-05-01 19:50:08,0.0,{}
1651452008000,2022-05-01 19:40:08,0.0,{}
1651451408000,2022-05-01 19:30:08,0.0,{}
1651450808000,2022-05-01 19:20:08,0.0,{}
1651450208000,2022-05-01 19:10:08,0.0,{}
1651449608000,2022-05-01 19:00:08,0.0,{}
1651449008000,2022-05-01 18:50:08,0.0,{}
1651448408000,2022-05-01 18:40:08,0.0,{}
1651447808000,2022-05-01 18:30:08,0.0,{}
1651447208000,2022-05-01 18:20:08,0.0,{}
1651446608000,2022-05-01 18:10:08,0.0,{}
1651446008000,2022-05-01 18:00:08,0.0,{}
1651445408000,2022-05-01 17:50:08,37.0,{}
1651444808000,2022-05-01 17:40:08,52.0,{}
1651444208000,2022-05-01 17:30:08,71.0,{}
1651443608000,2022-05-01 17:20:08,88.0,{}
1651443027000,2022-05-01 17:10:27,90.0,{}
1651442408000,2022-05-01 17:00:08,86.0,{}
1651441808000,2022-05-01 16:50:08,96.0,{}
1651441208000,2022-05-01 16:40:08,140.0,{}
1651440608000,2022-05-01 16:30:08,244.0,{}
1651440008000,2022-05-01 16:20:08,661.0,{}
1651439408000,2022-05-01 16:10:08,776.0,{}
1651438808000,2022-05-01 16:00:08,989.0,{}
1651438208000,2022-05-01 15:50:08,1005.0,{}
1651437608000,2022-05-01 15:40:08,1001.0,{}
1651437008000,2022-05-01 15:30:08,994.0,{}
1651436408000,2022-05-01 15:20:08,1006.0,{}
1651435808000,2022-05-01 15:10:08,792.0,{}
1651435208000,2022-05-01 15:00:08,896.0,{}
1651434608000,2022-05-01 14:50:08,794.0,{}
1651434008000,2022-05-01 14:40:08,665.0,{}
1651433408000,2022-05-01 14:30:08,512.0,{}
1651432808000,2022-05-01 14:20:08,549.0,{}
1651432208000,2022-05-01 14:10:08,633.0,{}
1651431608000,2022-05-01 14:00:08,644.0,{}
1651431008000,2022-05-01 13:50:08,673.0,{}
1651430408000,2022-05-01 13:40:08,1001.0,{}
1651429808000,2022-05-01 13:30:08,1052.0,{}
1651429208000,2022-05-01 13:20:08,958.0,{}
1651428608000,2022-05-01 13:10:08,790.0,{}
1651428008000,2022-05-01 13:00:08,698.0,{}
1651427408000,2022-05-01 12:50:08,632.0,{}
1651426808000,2022-05-01 12:40:08,618.0,{}
1651426208000,2022-05-01 12:30:08,1087.0,{}
1651425608000,2022-05-01 12:20:08,687.0,{}
1651425008000,2022-05-01 12:10:08,1091.0,{}
1651424408000,2022-05-01 12:00:08,882.0,{}
1651423808000,2022-05-01 11:50:08,1163.0,{}
1651423208000,2022-05-01 11:40:08,1082.0,{}
1651422608000,2022-05-01 11:30:08,1089.0,{}
1651422008000,2022-05-01 11:20:08,1072.0,{}
1651421408000,2022-05-01 11:10:08,1101.0,{}
1651420808000,2022-05-01 11:00:08,1151.0,{}
1651420208000,2022-05-01 10:50:08,1125.0,{}
1651419608000,2022-05-01 10:40:08,1057.0,{}
1651419008000,2022-05-01 10:30:08,1057.0,{}
1651418408000,2022-05-01 10:20:08,997.0,{}
1651417808000,2022-05-01 10:10:08,1006.0,{}
1651417208000,2022-05-01 10:00:08,998.0,{}
1651416608000,2022-05-01 09:50:08,972.0,{}
1651416008000,2022-05-01 09:40:08,867.0,{}
1651415408000,2022-05-01 09:30:08,829.0,{}
1651414808000,2022-05-01 09:20:08,748.0,{}
1651414208000,2022-05-01 09:10:08,681.0,{}
1651413608000,2022-05-01 09:00:08,607.0,{}
1651413008000,2022-05-01 08:50:08,573.0,{}
1651412408000,2022-05-01 08:40:08,535.0,{}
1651411808000,2022-05-01 08:30:08,482.0,{}
1651411208000,2022-05-01 08:20:08,434.0,{}
1651410608000,2022-05-01 08:10:08,382.0,{}
1651410008000,2022-05-01 08:00:08,327.0,{}
1651409408000,2022-05-01 07:50:08,284.0,{}
1651408808000,2022-05-01 07:40:08,255.0,{}
1651408209000,2022-05-01 07:30:09,243.0,{}
1651407608000,2022-05-01 07:20:08,235.0,{}
1651407008000,2022-05-01 07:10:08,223.0,{}
1651406408000,2022-05-01 07:00:08,210.0,{}
1651405808000,2022-05-01 06:50:08,149.0,{}
1651405208000,2022-05-01 06:40:08,114.0,{}
1651404608000,2022-05-01 06:30:08,82.0,{}
1651404008000,2022-05-01 06:20:08,54.0,{}
1651403408000,2022-05-01 06:10:08,23.0,{}
1651402809000,2022-05-01 06:00:09,4.0,{}
1651402208000,2022-05-01 05:50:08,0.0,{}
1651401608000,2022-05-01 05:40:08,0.0,{}
1651401008000,2022-05-01 05:30:08,0.0,{}
1651400408000,2022-05-01 05:20:08,0.0,{}
1651399808000,2022-05-01 05:10:08,0.0,{}
1651399208000,2022-05-01 05:00:08,0.0,{}
1651398608000,2022-05-01 04:50:08,0.0,{}
1651398008000,2022-05-01 04:40:08,0.0,{}
1651397408000,2022-05-01 04:30:08,0.0,{}
1651396808000,2022-05-01 04:20:08,0.0,{}
1651396208000,2022-05-01 04:10:08,0.0,{}
1651395608000,2022-05-01 04:00:08,0.0,{}
1651395008000,2022-05-01 03:50:08,0.0,{}
1651394408000,2022-05-01 03:40:08,0.0,{}
1651393808000,2022-05-01 03:30:08,0.0,{}
1651393208000,2022-05-01 03:20:08,0.0,{}
1651392608000,2022-05-01 03:10:08,0.0,{}
1651392008000,2022-05-01 03:00:08,0.0,{}
1651391408000,2022-05-01 02:50:08,0.0,{}
1651390808000,2022-05-01 02:40:08,0.0,{}
1651390208000,2022-05-01 02:30:08,0.0,{}
1651389608000,2022-05-01 02:20:08,0.0,{}
1651389008000,2022-05-01 02:10:08,0.0,{}
1651388408000,2022-05-01 02:00:08,0.0,{}
1651387808000,2022-05-01 01:50:08,0.0,{}
1651387208000,2022-05-01 01:40:08,0.0,{}
1651386608000,2022-05-01 01:30:08,0.0,{}
1651386008000,2022-05-01 01:20:08,0.0,{}
1651385408000,2022-05-01 01:10:08,0.0,{}
1651384808000,2022-05-01 01:00:08,0.0,{}
1651384208000,2022-05-01 00:50:08,0.0,{}
1651383608000,2022-05-01 00:40:08,0.0,{}
1651383008000,2022-05-01 00:30:08,0.0,{}
1651382408000,2022-05-01 00:20:08,0.0,{}
1651381808000,2022-05-01 00:10:08,0.0,{}
1651381208000,2022-05-01 00:00:08,0.0,{}
1651380608000,2022-04-30 23:50:08,0.0,{}
1651380008000,2022-04-30 23:40:08,0.0,{}
1651379408000,2022-04-30 23:30:08,0.0,{}
1651378808000,2022-04-30 23:20:08,0.0,{}
1651378208000,2022-04-30 23:10:08,0.0,{}
1651377608000,2022-04-30 23:00:08,0.0,{}
1651377008000,2022-04-30 22:50:08,0.0,{}
1651376408000,2022-04-30 22:40:08,0.0,{}
1651375808000,2022-04-30 22:30:08,0.0,{}
1651375208000,2022-04-30 22:20:08,0.0,{}
1651374608000,2022-04-30 22:10:08,0.0,{}
1651374008000,2022-04-30 22:00:08,0.0,{}
1651373408000,2022-04-30 21:50:08,0.0,{}
1651372808000,2022-04-30 21:40:08,0.0,{}
1651372208000,2022-04-30 21:30:08,0.0,{}
1651371608000,2022-04-30 21:20:08,0.0,{}
1651371008000,2022-04-30 21:10:08,0.0,{}
1651370408000,2022-04-30 21:00:08,0.0,{}
1651369808000,2022-04-30 20:50:08,0.0,{}
1651369208000,2022-04-30 20:40:08,0.0,{}
1651368608000,2022-04-30 20:30:08,0.0,{}
1651368008000,2022-04-30 20:20:08,0.0,{}
1651367408000,2022-04-30 20:10:08,0.0,{}
1651366808000,2022-04-30 20:00:08,0.0,{}
1651366208000,2022-04-30 19:50:08,0.0,{}
1651365608000,2022-04-30 19:40:08,0.0,{}
1651365008000,2022-04-30 19:30:08,0.0,{}
1651364408000,2022-04-30 19:20:08,0.0,{}
1651363808000,2022-04-30 19:10:08,0.0,{}
1651363208000,2022-04-30 19:00:08,0.0,{}
1651362608000,2022-04-30 18:50:08,0.0,{}
1651362008000,2022-04-30 18:40:08,0.0,{}
1651361408000,2022-04-30 18:30:08,0.0,{}
1651360808000,2022-04-30 18:20:08,0.0,{}
1651360208000,2022-04-30 18:10:08,0.0,{}
1651359608000,2022-04-30 18:00:08,0.0,{}
1651359008000,2022-04-30 17:50:08,0.0,{}
1651358408000,2022-04-30 17:40:08,0.0,{}
1651357808000,2022-04-30 17:30:08,0.0,{}
1651357209000,2022-04-30 17:20:09,4.0,{}
1651356608000,2022-04-30 17:10:08,8.0,{}
1651356008000,2022-04-30 17:00:08,20.0,{}
1651355408000,2022-04-30 16:50:08,41.0,{}
1651354808000,2022-04-30 16:40:08,58.0,{}
1651354208000,2022-04-30 16:30:08,84.0,{}
1651353608000,2022-04-30 16:20:08,116.0,{}
1651353008000,2022-04-30 16:10:08,203.0,{}
1651352408000,2022-04-30 16:00:08,241.0,{}
1651351808000,2022-04-30 15:50:08,295.0,{}
1651351208000,2022-04-30 15:40:08,344.0,{}
1651350608000,2022-04-30 15:30:08,324.0,{}
1651350008000,2022-04-30 15:20:08,374.0,{}
1651349408000,2022-04-30 15:10:08,410.0,{}
1651348808000,2022-04-30 15:00:08,492.0,{}
1651348208000,2022-04-30 14:50:08,506.0,{}
1651347608000,2022-04-30 14:40:08,607.0,{}
1651347008000,2022-04-30 14:30:08,607.0,{}
1651346408000,2022-04-30 14:20:08,653.0,{}
1651345808000,2022-04-30 14:10:08,913.0,{}
1651345208000,2022-04-30 14:00:08,783.0,{}
1651344608000,2022-04-30 13:50:08,913.0,{}
1651344008000,2022-04-30 13:40:08,1212.0,{}
1651343408000,2022-04-30 13:30:08,1204.0,{}
1651342808000,2022-04-30 13:20:08,1035.0,{}
1651342208000,2022-04-30 13:10:08,1149.0,{}
1651341627000,2022-04-30 13:00:27,1118.0,{}
1651341008000,2022-04-30 12:50:08,1144.0,{}
1651340408000,2022-04-30 12:40:08,1148.0,{}
1651339808000,2022-04-30 12:30:08,1163.0,{}
1651339208000,2022-04-30 12:20:08,1021.0,{}
1651338608000,2022-04-30 12:10:08,1169.0,{}
1651338008000,2022-04-30 12:00:08,1154.0,{}
1651337408000,2022-04-30 11:50:08,1159.0,{}
1651336808000,2022-04-30 11:40:08,1159.0,{}
1651336208000,2022-04-30 11:30:08,1148.0,{}
1651335608000,2022-04-30 11:20:08,1175.0,{}
1651335008000,2022-04-30 11:10:08,1131.0,{}
1651334408000,2022-04-30 11:00:08,1141.0,{}
1651333808000,2022-04-30 10:50:08,1155.0,{}
1651333208000,2022-04-30 10:40:08,1033.0,{}
1651332608000,2022-04-30 10:30:08,994.0,{}
1651332008000,2022-04-30 10:20:08,787.0,{}
1651331408000,2022-04-30 10:10:08,1035.0,{}
1651330808000,2022-04-30 10:00:08,1152.0,{}
1651330208000,2022-04-30 09:50:08,1072.0,{}
1651329608000,2022-04-30 09:40:08,1112.0,{}
1651329008000,2022-04-30 09:30:08,1127.0,{}
1651328408000,2022-04-30 09:20:08,960.0,{}
1651327808000,2022-04-30 09:10:08,989.0,{}
1651327208000,2022-04-30 09:00:08,535.0,{}
1651326608000,2022-04-30 08:50:08,525.0,{}
1651326008000,2022-04-30 08:40:08,596.0,{}
1651325408000,2022-04-30 08:30:08,655.0,{}
1651324808000,2022-04-30 08:20:08,563.0,{}
1651324208000,2022-04-30 08:10:08,548.0,{}
1651323608000,2022-04-30 08:00:08,454.0,{}
1651323008000,2022-04-30 07:50:08,411.0,{}
1651322408000,2022-04-30 07:40:08,337.0,{}
1651321808000,2022-04-30 07:30:08,317.0,{}
1651321208000,2022-04-30 07:20:08,318.0,{}
1651320608000,2022-04-30 07:10:08,288.0,{}
1651320008000,2022-04-30 07:00:08,230.0,{}
1651319408000,2022-04-30 06:50:08,214.0,{}
1651318808000,2022-04-30 06:40:08,139.0,{}
1651318208000,2022-04-30 06:30:08,97.0,{}
1651317608000,2022-04-30 06:20:08,66.0,{}
1651317008000,2022-04-30 06:10:08,46.0,{}
1651316408000,2022-04-30 06:00:08,23.0,{}
1651315809000,2022-04-30 05:50:09,4.0,{}
1651315208000,2022-04-30 05:40:08,0.0,{}
1651314608000,2022-04-30 05:30:08,0.0,{}
1651314008000,2022-04-30 05:20:08,0.0,{}
1651313408000,2022-04-30 05:10:08,0.0,{}
1651312808000,2022-04-30 05:00:08,0.0,{}
1651312208000,2022-04-30 04:50:08,0.0,{}
1651311608000,2022-04-30 04:40:08,0.0,{}
1651311008000,2022-04-30 04:30:08,0.0,{}
1651310408000,2022-04-30 04:20:08,0.0,{}
1651309808000,2022-04-30 04:10:08,0.0,{}
1651309208000,2022-04-30 04:00:08,0.0,{}
1651308608000,2022-04-30 03:50:08,0.0,{}
1651308008000,2022-04-30 03:40:08,0.0,{}
1651307408000,2022-04-30 03:30:08,0.0,{}
1651306808000,2022-04-30 03:20:08,0.0,{}
1651306208000,2022-04-30 03:10:08,0.0,{}
1651305608000,2022-04-30 03:00:08,0.0,{}
1651305008000,2022-04-30 02:50:08,0.0,{}
1651304408000,2022-04-30 02:40:08,0.0,{}
1651303808000,2022-04-30 02:30:08,0.0,{}
1651303208000,2022-04-30 02:20:08,0.0,{}
1651302608000,2022-04-30 02:10:08,0.0,{}
1651302008000,2022-04-30 02:00:08,0.0,{}
1651301408000,2022-04-30 01:50:08,0.0,{}
1651300808000,2022-04-30 01:40:08,0.0,{}
1651300208000,2022-04-30 01:30:08,0.0,{}
1651299608000,2022-04-30 01:20:08,0.0,{}
1651299008000,2022-04-30 01:10:08,0.0,{}
1651298408000,2022-04-30 01:00:08,0.0,{}
1651297808000,2022-04-30 00:50:08,0.0,{}
1651297208000,2022-04-30 00:40:08,0.0,{}
1651296608000,2022-04-30 00:30:08,0.0,{}
1651296008000,2022-04-30 00:20:08,0.0,{}
1651295408000,2022-04-30 00:10:08,0.0,{}
1651294808000,2022-04-30 00:00:08,0.0,{}
1651294208000,2022-04-29 23:50:08,0.0,{}
1651293608000,2022-04-29 23:40:08,0.0,{}
1651293008000,2022-04-29 23:30:08,0.0,{}
1651292408000,2022-04-29 23:20:08,0.0,{}
1651291808000,2022-04-29 23:10:08,0.0,{}
1651291208000,2022-04-29 23:00:08,0.0,{}
1651290608000,2022-04-29 22:50:08,0.0,{}
1651290008000,2022-04-29 22:40:08,0.0,{}
1651289408000,2022-04-29 22:30:08,0.0,{}
1651288808000,2022-04-29 22:20:08,0.0,{}
1651288208000,2022-04-29 22:10:08,0.0,{}
1651287608000,2022-04-29 22:00:08,0.0,{}
1651287008000,2022-04-29 21:50:08,0.0,{}
1651286408000,2022-04-29 21:40:08,0.0,{}
1651285808000,2022-04-29 21:30:08,0.0,{}
1651285208000,2022-04-29 21:20:08,0.0,{}
1651284608000,2022-04-29 21:10:08,0.0,{}
1651284008000,2022-04-29 21:00:08,0.0,{}
1651283408000,2022-04-29 20:50:08,0.0,{}
1651282808000,2022-04-29 20:40:08,0.0,{}
1651282208000,2022-04-29 20:30:08,0.0,{}
1651281608000,2022-04-29 20:20:08,0.0,{}
1651281008000,2022-04-29 20:10:08,0.0,{}
1651280408000,2022-04-29 20:00:08,0.0,{}
1651279808000,2022-04-29 19:50:08,0.0,{}
1651279208000,2022-04-29 19:40:08,0.0,{}
1651278608000,2022-04-29 19:30:08,0.0,{}
1651278008000,2022-04-29 19:20:08,0.0,{}
1651277408000,2022-04-29 19:10:08,0.0,{}
1651276808000,2022-04-29 19:00:08,0.0,{}
1651276208000,2022-04-29 18:50:08,0.0,{}
1651275608000,2022-04-29 18:40:08,0.0,{}
1651275008000,2022-04-29 18:30:08,0.0,{}
1651274408000,2022-04-29 18:20:08,0.0,{}
1651273808000,2022-04-29 18:10:08,0.0,{}
1651273208000,2022-04-29 18:00:08,0.0,{}
1651272608000,2022-04-29 17:50:08,28.0,{}
1651272008000,2022-04-29 17:40:08,93.0,{}
1651271408000,2022-04-29 17:30:08,202.0,{}
1651270808000,2022-04-29 17:20:08,224.0,{}
1651270208000,2022-04-29 17:10:08,430.0,{}
1651269608000,2022-04-29 17:00:08,554.0,{}
1651269008000,2022-04-29 16:50:08,639.0,{}
1651268408000,2022-04-29 16:40:08,698.0,{}
1651267808000,2022-04-29 16:30:08,761.0,{}
1651267208000,2022-04-29 16:20:08,667.0,{}
1651266608000,2022-04-29 16:10:08,864.0,{}
1651266008000,2022-04-29 16:00:08,919.0,{}
1651265408000,2022-04-29 15:50:08,970.0,{}
1651264808000,2022-04-29 15:40:08,994.0,{}
1651264208000,2022-04-29 15:30:08,1015.0,{}
1651263608000,2022-04-29 15:20:08,1038.0,{}
1651263008000,2022-04-29 15:10:08,1061.0,{}
1651262408000,2022-04-29 15:00:08,936.0,{}
1651261808000,2022-04-29 14:50:08,958.0,{}
1651261208000,2022-04-29 14:40:08,697.0,{}
1651260608000,2022-04-29 14:30:08,1001.0,{}
1651260008000,2022-04-29 14:20:08,1128.0,{}
1651259408000,2022-04-29 14:10:08,1165.0,{}
1651258808000,2022-04-29 14:00:08,1118.0,{}
1651258208000,2022-04-29 13:50:08,1133.0,{}
1651257608000,2022-04-29 13:40:08,1131.0,{}
1651257008000,2022-04-29 13:30:08,1143.0,{}
1651256408000,2022-04-29 13:20:08,1144.0,{}
1651255808000,2022-04-29 13:10:08,1188.0,{}
1651255208000,2022-04-29 13:00:08,1222.0,{}
1651254608000,2022-04-29 12:50:08,1050.0,{}
1651254008000,2022-04-29 12:40:08,776.0,{}
1651253408000,2022-04-29 12:30:08,875.0,{}
1651252808000,2022-04-29 12:20:08,927.0,{}
1651252208000,2022-04-29 12:10:08,1078.0,{}
1651251608000,2022-04-29 12:00:08,1239.0,{}
1651251008000,2022-04-29 11:50:08,1223.0,{}
1651250408000,2022-04-29 11:40:08,1237.0,{}
1651249808000,2022-04-29 11:30:08,1217.0,{}
1651249208000,2022-04-29 11:20:08,1195.0,{}
1651248608000,2022-04-29 11:10:08,1112.0,{}
1651248008000,2022-04-29 11:00:08,1142.0,{}
1651247408000,2022-04-29 10:50:08,1157.0,{}
1651246808000,2022-04-29 10:40:08,1149.0,{}
1651246208000,2022-04-29 10:30:08,1133.0,{}
1651245608000,2022-04-29 10:20:08,1123.0,{}
1651245008000,2022-04-29 10:10:08,1106.0,{}
1651244408000,2022-04-29 10:00:08,1030.0,{}
1651243808000,2022-04-29 09:50:08,1047.0,{}
1651243208000,2022-04-29 09:40:08,1065.0,{}
1651242608000,2022-04-29 09:30:08,1058.0,{}
1651242008000,2022-04-29 09:20:08,1029.0,{}
1651241408000,2022-04-29 09:10:08,1002.0,{}
1651240808000,2022-04-29 09:00:08,952.0,{}
1651240208000,2022-04-29 08:50:08,879.0,{}
1651239608000,2022-04-29 08:40:08,881.0,{}
1651239008000,2022-04-29 08:30:08,822.0,{}
1651238408000,2022-04-29 08:20:08,708.0,{}
1651237808000,2022-04-29 08:10:08,635.0,{}
1651237208000,2022-04-29 08:00:08,508.0,{}
1651236608000,2022-04-29 07:50:08,393.0,{}
1651236008000,2022-04-29 07:40:08,374.0,{}
1651235408000,2022-04-29 07:30:08,352.0,{}
1651234808000,2022-04-29 07:20:08,337.0,{}
1651234208000,2022-04-29 07:10:08,308.0,{}
1651233608000,2022-04-29 07:00:08,250.0,{}
1651233008000,2022-04-29 06:50:08,222.0,{}
1651232408000,2022-04-29 06:40:08,148.0,{}
1651231808000,2022-04-29 06:30:08,110.0,{}
1651231208000,2022-04-29 06:20:08,72.0,{}
1651230608000,2022-04-29 06:10:08,41.0,{}
1651230008000,2022-04-29 06:00:08,11.0,{}
1651229408000,2022-04-29 05:50:08,0.0,{}
1651228808000,2022-04-29 05:40:08,0.0,{}
1651228208000,2022-04-29 05:30:08,0.0,{}
1651227608000,2022-04-29 05:20:08,0.0,{}
1651227008000,2022-04-29 05:10:08,0.0,{}
1651226408000,2022-04-29 05:00:08,0.0,{}
1651225808000,2022-04-29 04:50:08,0.0,{}
1651225208000,2022-04-29 04:40:08,0.0,{}
1651224608000,2022-04-29 04:30:08,0.0,{}
1651224008000,2022-04-29 04:20:08,0.0,{}
1651223408000,2022-04-29 04:10:08,0.0,{}
1651222808000,2022-04-29 04:00:08,0.0,{}
1651222208000,2022-04-29 03:50:08,0.0,{}
1651221608000,2022-04-29 03:40:08,0.0,{}
1651221008000,2022-04-29 03:30:08,0.0,{}
1651220408000,2022-04-29 03:20:08,0.0,{}
1651219808000,2022-04-29 03:10:08,0.0,{}
1651219208000,2022-04-29 03:00:08,0.0,{}
1651218608000,2022-04-29 02:50:08,0.0,{}
1651218008000,2022-04-29 02:40:08,0.0,{}
1651217408000,2022-04-29 02:30:08,0.0,{}
1651216808000,2022-04-29 02:20:08,0.0,{}
1651216208000,2022-04-29 02:10:08,0.0,{}
1651215608000,2022-04-29 02:00:08,0.0,{}
1651215008000,2022-04-29 01:50:08,0.0,{}
1651214408000,2022-04-29 01:40:08,0.0,{}
1651213808000,2022-04-29 01:30:08,0.0,{}
1651213208000,2022-04-29 01:20:08,0.0,{}
1651212608000,2022-04-29 01:10:08,0.0,{}
1651212008000,2022-04-29 01:00:08,0.0,{}
1651211408000,2022-04-29 00:50:08,0.0,{}
1651210808000,2022-04-29 00:40:08,0.0,{}
1651210208000,2022-04-29 00:30:08,0.0,{}
1651209608000,2022-04-29 00:20:08,0.0,{}
1651209008000,2022-04-29 00:10:08,0.0,{}
1651208408000,2022-04-29 00:00:08,0.0,{}
1651207808000,2022-04-28 23:50:08,0.0,{}
1651207208000,2022-04-28 23:40:08,0.0,{}
1651206608000,2022-04-28 23:30:08,0.0,{}
1651206008000,2022-04-28 23:20:08,0.0,{}
1651205408000,2022-04-28 23:10:08,0.0,{}
1651204808000,2022-04-28 23:00:08,0.0,{}
1651204208000,2022-04-28 22:50:08,0.0,{}
1651203608000,2022-04-28 22:40:08,0.0,{}
1651203008000,2022-04-28 22:30:08,0.0,{}
1651202408000,2022-04-28 22:20:08,0.0,{}
1651201808000,2022-04-28 22:10:08,0.0,{}
1651201208000,2022-04-28 22:00:08,0.0,{}
1651200608000,2022-04-28 21:50:08,0.0,{}
1651200008000,2022-04-28 21:40:08,0.0,{}
1651199408000,2022-04-28 21:30:08,0.0,{}
1651198808000,2022-04-28 21:20:08,0.0,{}
1651198208000,2022-04-28 21:10:08,0.0,{}
1651197608000,2022-04-28 21:00:08,0.0,{}
1651197008000,2022-04-28 20:50:08,0.0,{}
1651196408000,2022-04-28 20:40:08,0.0,{}
1651195808000,2022-04-28 20:30:08,0.0,{}
1651195208000,2022-04-28 20:20:08,0.0,{}
1651194608000,2022-04-28 20:10:08,0.0,{}
1651194008000,2022-04-28 20:00:08,0.0,{}
1651193408000,2022-04-28 19:50:08,0.0,{}
1651192808000,2022-04-28 19:40:08,0.0,{}
1651192208000,2022-04-28 19:30:08,0.0,{}
1651191608000,2022-04-28 19:20:08,0.0,{}
1651191008000,2022-04-28 19:10:08,0.0,{}
1651190408000,2022-04-28 19:00:08,0.0,{}
1651189808000,2022-04-28 18:50:08,0.0,{}
1651189208000,2022-04-28 18:40:08,0.0,{}
1651188608000,2022-04-28 18:30:08,0.0,{}
1651188008000,2022-04-28 18:20:08,0.0,{}
1651187408000,2022-04-28 18:10:08,0.0,{}
1651186808000,2022-04-28 18:00:08,0.0,{}
1651186208000,2022-04-28 17:50:08,0.0,{}
1651185608000,2022-04-28 17:40:08,0.0,{}
1651185008000,2022-04-28 17:30:08,8.0,{}
1651184408000,2022-04-28 17:20:08,25.0,{}
1651183808000,2022-04-28 17:10:08,40.0,{}
1651183208000,2022-04-28 17:00:08,52.0,{}
1651182608000,2022-04-28 16:50:08,64.0,{}
1651182008000,2022-04-28 16:40:08,80.0,{}
1651181408000,2022-04-28 16:30:08,94.0,{}
1651180808000,2022-04-28 16:20:08,107.0,{}
1651180208000,2022-04-28 16:10:08,123.0,{}
1651179608000,2022-04-28 16:00:08,150.0,{}
1651179008000,2022-04-28 15:50:08,215.0,{}
1651178408000,2022-04-28 15:40:08,235.0,{}
1651177809000,2022-04-28 15:30:09,240.0,{}
1651177208000,2022-04-28 15:20:08,237.0,{}
1651176608000,2022-04-28 15:10:08,267.0,{}
1651176008000,2022-04-28 15:00:08,348.0,{}
1651175408000,2022-04-28 14:50:08,399.0,{}
1651174808000,2022-04-28 14:40:08,433.0,{}
1651174208000,2022-04-28 14:30:08,568.0,{}
1651173608000,2022-04-28 14:20:08,665.0,{}
1651173008000,2022-04-28 14:10:08,790.0,{}
1651172408000,2022-04-28 14:00:08,342.0,{}
1651171808000,2022-04-28 13:50:08,317.0,{}
1651171208000,2022-04-28 13:40:08,284.0,{}
1651170608000,2022-04-28 13:30:08,264.0,{}
1651170008000,2022-04-28 13:20:08,300.0,{}
1651169408000,2022-04-28 13:10:08,330.0,{}
1651168808000,2022-04-28 13:00:08,390.0,{}
1651168367000,2022-04-28 12:52:47,411.0,{}
1651167697000,2022-04-28 12:41:37,372.0,{}
1651167230908,2022-04-28 12:33:50,0.0,{}
1651166411000,2022-04-28 12:20:11,344.0,{}
1651165811000,2022-04-28 12:10:11,362.0,{}
1651165211000,2022-04-28 12:00:11,403.0,{}
1651164912000,2022-04-28 11:55:12,384.0,{}
1651164255526,2022-04-28 11:44:15,76.0,{}
1649780145000,2022-04-12 11:15:45,11.0,{}
1624658370978,2021-06-25 16:59:30,0.0,{}
1624658304676,2021-06-25 16:58:24,0.0,{}
1624658261961,2021-06-25 16:57:41,0.0,{}
1624658166605,2021-06-25 16:56:06,0.0,{}
1624657966560,2021-06-25 16:52:46,0.0,{}
1624657899625,2021-06-25 16:51:39,0.0,{}
1624657831711,2021-06-25 16:50:31,0.0,{}
1624657768710,2021-06-25 16:49:28,0.0,{}
1624657697733,2021-06-25 16:48:17,0.0,{}
1624657632621,2021-06-25 16:47:12,0.0,{}
1624657560265,2021-06-25 16:46:00,0.0,{}
1624657493680,2021-06-25 16:44:53,0.0,{}
1624657427027,2021-06-25 16:43:47,0.0,{}
1624657350439,2021-06-25 16:42:30,0.0,{}
1624035994078,2021-06-18 12:06:34,0.0,{}
1624035679594,2021-06-18 12:01:19,0.0,{}
